Query,Ground_truth,Generated_answer,Document_ID,Short_Name,Domain
What was the predictive precision achieved by the random forest algorithm for Alzheimer's disease biomarker prediction?,"The random forest algorithm achieved a remarkable predictive precision of 91.6% by amalgamating structural data from MRI, electrophysiological features from EEG, and clinical scales to estimate Aβ1-42/Aβ-40 content.","The random forest algorithm achieved a remarkable predictive precision of 91.6% by amalgamating structural data from MRI, electrophysiological features from EEG, and clinical scales to estimate Aβ1-42/Aβ-40 content.",PMC11027992,AI_Alzheimers,Neurology
What is the total sample size of participants in the Alzheimer's disease multimodal prediction study?,"The study encompasses a total sample size of 82 participants exhibiting varying degrees of cognitive impairment, including individuals with subjective cognitive decline, mild cognitive impairment, and dementia.","The study encompasses a total sample size of 82 participants exhibiting varying degrees of cognitive impairment, including individuals with subjective cognitive decline, mild cognitive impairment, and dementia.",PMC11027992,AI_Alzheimers,Neurology
Which brain regions showed significant atrophy in individuals with reduced Aβ1-42/Aβ-40 levels?,"Individuals displaying reduced Aβ1-42/Aβ-40 levels exhibit significant atrophy in the frontotemporal lobe, alongside irregularities in various parameters related to EEG frequency characteristics, signal complexity, inter-regional information exchange, and microstates.","Individuals displaying reduced Aβ1-42/Aβ-40 levels exhibit significant atrophy in the frontotemporal lobe, alongside irregularities in various parameters related to EEG frequency characteristics, signal complexity, inter-regional information exchange, and microstates.",PMC11027992,AI_Alzheimers,Neurology
What are the primary CSF biomarkers used for diagnosing Alzheimer's disease?,"CSF biomarkers such as Aβ1-42, Aβ1-40, and total tau (t-tau) are the most specific and clinically significant for the diagnosis of Alzheimer's disease. Decreased values of Aβ1-42/Aβ1-40 in the CSF imply the deposition and damage of Aβ1-42 in the neural system.","CSF biomarkers such as Aβ1-42, Aβ1-40, and total tau (t-tau) are the most specific and clinically significant for the diagnosis of Alzheimer's disease. Decreased values of Aβ1-42/Aβ1-40 in the CSF imply the deposition and damage of Aβ1-42 in the neural system.",PMC11027992,AI_Alzheimers,Neurology
What multimodal data sources were combined in this Alzheimer's disease prediction study?,"The study combined magnetic resonance imaging (MRI) for brain atrophy measurements, electroencephalography (EEG) patterns for atypical brain activity, and behavioral assessment scales to predict amyloid β-protein (Aβ) indicators for early Alzheimer's disease detection.","We then employed machine learning approaches and developed a system of CSF Amyloidbetaproteinpredictionbasedonmultimodality data of behavioral scale, EEG and MRI data of MCI and dementia patients. This system showed a great perfor- mance with the mean error of the prediction to be less than 0.01. This finding built a solid and reliable bridge between new, noninvasive data modality and traditional, invasive biochemical biomarkers. As a result, this would add to the expanding body of literature on noninvasive approaches for evaluation biomarkers linked with AD and diagnostic applications.",PMC11027992,AI_Alzheimers,Neurology
What is the layer-by-layer (LbL) technique used for in drug delivery capsule fabrication?,"The layer-by-layer (LbL) technique involves the successive deposition of polysaccharide pairs onto porous particles as a template, followed by the removal of the template to obtain hollow capsules for drug delivery. This method allows precise control of shell thickness and capsule morphology.","The layer-by-layer (LbL) technique involves the successive deposition of polysaccharide pairs onto porous particles as a template, followed by the removal of the template to obtain hollow capsules for drug delivery. This method allows precise control of shell thickness and capsule morphology.",PMC10304607,Drug_Delivery,Pharmaceutical Sciences
Why is controlling drug-loaded nanocarrier particle size crucial in drug delivery systems?,"Controlling the drug-loaded nanocarrier particle size is crucial because particles with a size of about 100 nm can more efficiently target diseased cells, reducing recognition of the particles by the immune system. Other important parameters include biodegradability, biocompatibility and colloidal stability to avoid undesired phenomena such as phagocytosis by macrophages or endocytic uptake of Kupfer cells.","Controlling the drug-loaded nanocarrier particle size is crucial because particles with a size of about 100 nm can more efficiently target diseased cells, reducing recognition of the particles by the immune system. Other important parameters include biodegradability, biocompatibility and colloidal stability to avoid undesired phenomena such as phagocytosis by macrophages or endocytic uptake of Kupfer cells.",PMC10304607,Drug_Delivery,Pharmaceutical Sciences
What are the main advantages of using polysaccharide-based capsules for drug delivery?,"Polysaccharide-based capsules offer biodegradability and biocompatibility ensuring safer applications in drug delivery. They present a high number of functional groups such as amino, hydroxyl and carboxylic acid groups that are useful for further chemical functionalisation to favour cell targeting or to bring stimuli-responsiveness. These capsules also allow encapsulation of large quantities of guest molecules.","Polysaccharide-based capsules offer biodegradability and biocompatibility ensuring safer applications in drug delivery. They present a high number of functional groups such as amino, hydroxyl and carboxylic acid groups that are useful for further chemical functionalisation to favour cell targeting or to bring stimuli-responsiveness. These capsules also allow encapsulation of large quantities of guest molecules.",PMC10304607,Drug_Delivery,Pharmaceutical Sciences
What types of porous particles are commonly used as sacrificial templates in capsule fabrication?,"Porous particles of calcium carbonate (CaCO3) and mesoporous silica are commonly used as sacrificial templates. These porous particles can be easily dissolved to form low-molecular-weight ions, have high drug-loading capacity, allow entrapping either hydrophilic or hydrophobic drugs, and can be easily surface-modified for stability when dispersed in aqueous environments.","Porous particles of calcium carbonate (CaCO3) and mesoporous silica are commonly used as sacrificial templates. These porous particles can be easily dissolved to form low-molecular-weight ions, have high drug-loading capacity, allow entrapping either hydrophilic or hydrophobic drugs, and can be easily surface-modified for stability when dispersed in aqueous environments.",PMC10304607,Drug_Delivery,Pharmaceutical Sciences
How can controlled drug release be initiated from polyelectrolyte capsules?,"Once functionalised capsules are found inside biological cells, controlled drug release can be initiated by various external stimuli such as pH changes, ionic strength variations, and temperature modifications. The capsules have tuneable size, shape, shell thickness and permeability which can be adjusted to control release profiles.","Once functionalised capsules are found inside biological cells, controlled drug release can be initiated by various external stimuli such as pH changes, ionic strength variations, and temperature modifications. The capsules have tuneable size, shape, shell thickness and permeability which can be adjusted to control release profiles.",PMC10304607,Drug_Delivery,Pharmaceutical Sciences
What is the role of mTOR in cellular processes and disease?,"The mammalian target of rapamycin (mTOR) is an atypical serine/threonine protein kinase that belongs to the phosphoinositide 3-kinase (PI3K)-related kinase family. mTOR is frequently referred to as the master regulator of cell growth, proliferation, metabolism, and survival. Dysregulation of mTOR is associated with many diseases such as fibrosis, obesity, type 2 diabetes, neurodegeneration, and cancer.","The mammalian target of rapamycin (mTOR) is an atypical serine/threonine protein kinase that belongs to the phosphoinositide 3-kinase (PI3K)-related kinase family. mTOR is frequently referred to as the master regulator of cell growth, proliferation, metabolism, and survival. Dysregulation of mTOR is associated with many diseases such as fibrosis, obesity, type 2 diabetes, neurodegeneration, and cancer.",PMC10586184,AI_Drug_Discovery,Computational Biology
What computational methods were combined in this mTOR inhibitor screening study?,A deep learning model supported by principal component analysis (PCA) was combined with molecular docking calculations and all-atom molecular dynamics simulations with MMPBSA binding energy analysis. This multi-layered approach was used to search for alternative mTOR inhibitors from the Thai mushroom database.,A deep learning model supported by principal component analysis (PCA) was combined with molecular docking calculations and all-atom molecular dynamics simulations with MMPBSA binding energy analysis. This multi-layered approach was used to search for alternative mTOR inhibitors from the Thai mushroom database.,PMC10586184,AI_Drug_Discovery,Computational Biology
How does rapamycin inhibit mTOR at the molecular level?,"Upon entering cells, rapamycin specifically forms a gain-of-function complex with the 12 kDa FK506-binding protein (FKBP12). This inhibitory complex binds to the FRB (FKB12-rapamycin binding) domain from the C terminus of TOR proteins, leading to cell growth inhibitory and cytotoxic effects. Rapamycin itself possesses only modest affinity for the FRB domain in the absence of FKBP12.","Upon entering cells, rapamycin specifically forms a gain-of-function complex with the 12 kDa FK506-binding protein (FKBP12). This inhibitory complex binds to the FRB (FKB12-rapamycin binding) domain from the C terminus of TOR proteins, leading to cell growth inhibitory and cytotoxic effects. Rapamycin itself possesses only modest affinity for the FRB domain in the absence of FKBP12.",PMC10586184,AI_Drug_Discovery,Computational Biology
What was the ROC-AUC score achieved by the deep learning model in predicting mTOR inhibitor activity?,"A 5-fold cross-validation was performed to estimate the model performance, for which the ROC-AUC score was 0.9970 ± 0.0009 for the training data sets and 0.9917 ± 0.0019 for the testing data sets, demonstrating excellent prediction capability.","A 5-fold cross-validation was performed to estimate the model performance, for which the ROC-AUC score was 0.9970 ± 0.0009 for the training data sets and 0.9917 ± 0.0019 for the testing data sets, demonstrating excellent prediction capability.",PMC10586184,AI_Drug_Discovery,Computational Biology
What structural features did the deep learning model identify as important for mTOR inhibition?,"The deep learning model trained by the filtered data set captured the main characteristics of rapalogs and displayed the importance of steroid cores. All six predicted candidate compounds consisted of steroid core structures, and 5 of 6 compounds were found in Ganoderma lucidum mushrooms.","The deep learning model trained by the filtered data set captured the main characteristics of rapalogs and displayed the importance of steroid cores. All six predicted candidate compounds consisted of steroid core structures, and 5 of 6 compounds were found in Ganoderma lucidum mushrooms.",PMC10586184,AI_Drug_Discovery,Computational Biology
What was the study period and location for the COVID-19 Omicron wave comorbidity analysis?,"The study performed a population-based cohort study using surveillance data from December 5th, 2021 to January 9th, 2022 in the province of Quebec, Canada. The study started when the proportion of the Omicron variant exceeded 50% among COVID-19 cases and stopped when population-based laboratory testing ceased in the province.","The study performed a population-based cohort study using surveillance data from December 5th, 2021 to January 9th, 2022 in the province of Quebec, Canada. The study started when the proportion of the Omicron variant exceeded 50% among COVID-19 cases and stopped when population-based laboratory testing ceased in the province.",PMC10152240,COVID_Comorbidities,Infectious Disease
How many pre-existing comorbidities were tracked in the COVID-19 surveillance system?,"Using validated algorithms, the number of comorbidities (0, 1, 2, ≥3) was estimated by the cumulation of 21 pre-existing medical conditions identified from ICD codes entered in the Quebec Integrated Chronic Disease Surveillance System (QICDSS) for all individuals included in the registry on April 1st, 2021.","Using validated algorithms, the number of comorbidities (0, 1, 2, ≥3) was estimated by the cumulation of 21 pre-existing medical conditions identified from ICD codes entered in the Quebec Integrated Chronic Disease Surveillance System (QICDSS) for all individuals included in the registry on April 1st, 2021.",PMC10152240,COVID_Comorbidities,Infectious Disease
What were the relative risks of hospitalization for vaccinated individuals with 3 or more comorbidities compared to vaccinated individuals without comorbidities?,"Compared with vaccinated individuals without comorbidities (reference group), the risk of hospitalization was 9X higher (95% CI [7.77-12.01]) in vaccinated individuals with ≥3 comorbidities, demonstrating that comorbidities significantly increase hospitalization risk even among vaccinated individuals.","Compared with vaccinated individuals without comorbidities (reference group), the risk of hospitalization was 9X higher (95% CI [7.77-12.01]) in vaccinated individuals with ≥3 comorbidities, demonstrating that comorbidities significantly increase hospitalization risk even among vaccinated individuals.",PMC10152240,COVID_Comorbidities,Infectious Disease
Compare the ICU admission risks between vaccinated and unvaccinated individuals with multiple comorbidities.,"The risk of ICU admission was 13X higher (95% CI [8.74-18.87]) in vaccinated individuals with ≥3 comorbidities and 45X higher (95% CI [29.06-69.67]) in unvaccinated individuals with ≥3 comorbidities, both compared to vaccinated individuals without comorbidities. This demonstrates that unvaccinated status substantially increases ICU admission risk.","The risk of ICU admission was 13X higher (95% CI [8.74-18.87]) in vaccinated individuals with ≥3 comorbidities and 45X higher (95% CI [29.06-69.67]) in unvaccinated individuals with ≥3 comorbidities, both compared to vaccinated individuals without comorbidities. This demonstrates that unvaccinated status substantially increases ICU admission risk.",PMC10152240,COVID_Comorbidities,Infectious Disease
What statistical method was used to analyze the impact of comorbidities on COVID-19 outcomes?,"A robust Poisson regression model was performed to estimate the impact of the number of comorbidities on each complication by vaccination status adjusted for age, sex, socioeconomic status, and living environment. Interaction terms between the number of comorbidities and vaccination status were added to allow comparison between vaccination groups.","A robust Poisson regression model was performed to estimate the impact of the number of comorbidities on each complication by vaccination status adjusted for age, sex, socioeconomic status, and living environment. Interaction terms between the number of comorbidities and vaccination status were added to allow comparison between vaccination groups.",PMC10152240,COVID_Comorbidities,Infectious Disease
What is upper tract urothelial cancer and what percentage of urothelial cancers does it represent?,"Upper tract urothelial cancer (UTUC) arises from the urothelial lining of the kidney or ureter and accounts for approximately 5-10% of all urothelial cancer (UC). Whilst incidence of UTUC remains low at 1-3 cases per 100,000 people per year, it is rising in many nations around the world.","Upper tract urothelial cancer (UTUC) arises from the urothelial lining of the kidney or ureter and accounts for approximately 5-10% of all urothelial cancer (UC). Whilst incidence of UTUC remains low at 1-3 cases per 100,000 people per year, it is rising in many nations around the world.",PMC10080345,Cancer_Registry,Oncology
How many articles utilizing registry-based data for UTUC research were identified in the narrative review?,"One hundred and forty-four articles were identified and included as reporting on UTUC from a registry-based methodology. Articles utilising registry-based data have substantially increased over the study period from July 2002 to July 2022, with the majority of articles arising from large generalised cancer databases in North America.","One hundred and forty-four articles were identified and included as reporting on UTUC from a registry-based methodology. Articles utilising registry-based data have substantially increased over the study period from July 2002 to July 2022, with the majority of articles arising from large generalised cancer databases in North America.",PMC10080345,Cancer_Registry,Oncology
What are Clinical Quality Registries (CQR) and how do they differ from disease-specific registries?,"Clinical quality registries (CQR) are similar to disease or condition specific registries however collect data to evaluate defined outcomes at predetermined intervals. Outcomes are then benchmarked against set standards, either local or international, and reported in a timely fashion to healthcare providers. The extra utility is provided in the ability to identify variations in the process and outcomes of care and adherence to evidence based guidelines, with information reported back to providers for quality improvement.","Clinical quality registries (CQR) are similar to disease or condition specific registries however collect data to evaluate defined outcomes at predetermined intervals. Outcomes are then benchmarked against set standards, either local or international, and reported in a timely fashion to healthcare providers. The extra utility is provided in the ability to identify variations in the process and outcomes of care and adherence to evidence based guidelines, with information reported back to providers for quality improvement.",PMC10080345,Cancer_Registry,Oncology
Which North American cancer registries contributed the most publications on UTUC?,"The SEER program is the registry with the highest number of published articles on UTUC with 48 publications, followed by the National Cancer Database (NCDB) as the second most commonly utilised registry with 28 published articles. The vast majority of NCDB articles were published after 2017 with a steady increase in publications each year.","The SEER program is the registry with the highest number of published articles on UTUC with 48 publications, followed by the National Cancer Database (NCDB) as the second most commonly utilised registry with 28 published articles. The vast majority of NCDB articles were published after 2017 with a steady increase in publications each year.",PMC10080345,Cancer_Registry,Oncology
What are the main challenges of conducting clinical trials in UTUC that registries can help overcome?,Patients diagnosed with UTUC are likely to be older with more comorbidities and are presenting with more invasive disease. This in combination with a low incidence often makes recruitment into clinical trials challenging and costly. Registries may overcome many of these challenges by quickly capturing large patient cohorts and relaying real-world experience of patient care at a fraction of the cost of running clinical trials.,Patients diagnosed with UTUC are likely to be older with more comorbidities and are presenting with more invasive disease. This in combination with a low incidence often makes recruitment into clinical trials challenging and costly. Registries may overcome many of these challenges by quickly capturing large patient cohorts and relaying real-world experience of patient care at a fraction of the cost of running clinical trials.,PMC10080345,Cancer_Registry,Oncology
